question_id,faithfulness,answer_relevancy,context_recall
Q01,0.75,0.8662092838188661,1.0
Q04,0.8,0.8005342959641268,1.0
Q07,0.0,0.0,0.0
Q02,0.9230769230769232,0.8077391056050639,1.0
Q05,1.0,0.7994872770923717,1.0
Q08,0.9333333333333332,0.7915895969633949,1.0
Q03,0.8125,0.8237263659988111,1.0
Q06,1.0,0.7684099182937328,1.0
Q09,0.9166666666666666,0.7890946980749031,1.0
Q10,0.5714285714285714,0.8873507147486951,1.0
